domain_code,domain,area_code_m49,area,element_code,element,item_code_cpc,item,year_code,year,unit,value,flag,flag_description,note
QCL,Crops and livestock products,356,India,5510,Production,1921.02,"Cotton lint, ginned",2015,2015,t,5100850.0,A,Official value,
QCL,Crops and livestock products,356,India,5510,Production,1921.02,"Cotton lint, ginned",2016,2016,t,5542000.0,A,Official value,
QCL,Crops and livestock products,356,India,5510,Production,1921.02,"Cotton lint, ginned",2017,2017,t,5538090.0,A,Official value,
QCL,Crops and livestock products,356,India,5510,Production,1921.02,"Cotton lint, ginned",2018,2018,t,5576850.0,A,Official value,
QCL,Crops and livestock products,356,India,5510,Production,1921.02,"Cotton lint, ginned",2019,2019,t,4767140.0,A,Official value,
QCL,Crops and livestock products,356,India,5510,Production,1921.02,"Cotton lint, ginned",2020,2020,t,6131050.0,A,Official value,
QCL,Crops and livestock products,356,India,5510,Production,1921.02,"Cotton lint, ginned",2021,2021,t,5992160.0,A,Official value,
QCL,Crops and livestock products,356,India,5510,Production,1921.02,"Cotton lint, ginned",2022,2022,t,5722231.51,A,Official value,
QCL,Crops and livestock products,356,India,5510,Production,1921.02,"Cotton lint, ginned",2023,2023,t,5528743.7,A,Official value,
QCL,Crops and livestock products,356,India,5312,Area harvested,112.0,Maize (corn),2015,2015,ha,8801813.0,A,Official value,
QCL,Crops and livestock products,356,India,5412,Yield,112.0,Maize (corn),2015,2015,kg/ha,2637.2,A,Official value,
QCL,Crops and livestock products,356,India,5510,Production,112.0,Maize (corn),2015,2015,t,23212166.9,A,Official value,
QCL,Crops and livestock products,356,India,5312,Area harvested,112.0,Maize (corn),2016,2016,ha,9467938.0,A,Official value,
QCL,Crops and livestock products,356,India,5412,Yield,112.0,Maize (corn),2016,2016,kg/ha,2686.3,A,Official value,
QCL,Crops and livestock products,356,India,5510,Production,112.0,Maize (corn),2016,2016,t,25433487.4,A,Official value,
QCL,Crops and livestock products,356,India,5312,Area harvested,112.0,Maize (corn),2017,2017,ha,9225196.0,A,Official value,
QCL,Crops and livestock products,356,India,5412,Yield,112.0,Maize (corn),2017,2017,kg/ha,2937.5,A,Official value,
QCL,Crops and livestock products,356,India,5510,Production,112.0,Maize (corn),2017,2017,t,27099085.11,A,Official value,
QCL,Crops and livestock products,356,India,5312,Area harvested,112.0,Maize (corn),2018,2018,ha,9276951.0,A,Official value,
QCL,Crops and livestock products,356,India,5412,Yield,112.0,Maize (corn),2018,2018,kg/ha,3023.4,A,Official value,
QCL,Crops and livestock products,356,India,5510,Production,112.0,Maize (corn),2018,2018,t,28048097.7,A,Official value,
QCL,Crops and livestock products,356,India,5312,Area harvested,112.0,Maize (corn),2019,2019,ha,9249478.0,A,Official value,
QCL,Crops and livestock products,356,India,5412,Yield,112.0,Maize (corn),2019,2019,kg/ha,2998.1,A,Official value,
QCL,Crops and livestock products,356,India,5510,Production,112.0,Maize (corn),2019,2019,t,27730830.78,A,Official value,
QCL,Crops and livestock products,356,India,5312,Area harvested,112.0,Maize (corn),2020,2020,ha,9771598.0,A,Official value,
QCL,Crops and livestock products,356,India,5412,Yield,112.0,Maize (corn),2020,2020,kg/ha,3161.4,A,Official value,
QCL,Crops and livestock products,356,India,5510,Production,112.0,Maize (corn),2020,2020,t,30891725.28,A,Official value,
QCL,Crops and livestock products,356,India,5312,Area harvested,112.0,Maize (corn),2021,2021,ha,9921097.0,A,Official value,
QCL,Crops and livestock products,356,India,5412,Yield,112.0,Maize (corn),2021,2021,kg/ha,3303.3,A,Official value,
QCL,Crops and livestock products,356,India,5510,Production,112.0,Maize (corn),2021,2021,t,32772407.24,A,Official value,
QCL,Crops and livestock products,356,India,5312,Area harvested,112.0,Maize (corn),2022,2022,ha,10226318.0,A,Official value,
QCL,Crops and livestock products,356,India,5412,Yield,112.0,Maize (corn),2022,2022,kg/ha,3395.4,A,Official value,
QCL,Crops and livestock products,356,India,5510,Production,112.0,Maize (corn),2022,2022,t,34722657.26,A,Official value,
QCL,Crops and livestock products,356,India,5312,Area harvested,112.0,Maize (corn),2023,2023,ha,11019656.0,A,Official value,
QCL,Crops and livestock products,356,India,5412,Yield,112.0,Maize (corn),2023,2023,kg/ha,3326.5,A,Official value,
QCL,Crops and livestock products,356,India,5510,Production,112.0,Maize (corn),2023,2023,t,36656692.78,A,Official value,
QCL,Crops and livestock products,356,India,5312,Area harvested,112.0,Maize (corn),2024,2024,ha,11349065.0,A,Official value,
QCL,Crops and livestock products,356,India,5412,Yield,112.0,Maize (corn),2024,2024,kg/ha,3544.8,A,Official value,
QCL,Crops and livestock products,356,India,5510,Production,112.0,Maize (corn),2024,2024,t,40230572.74,A,Official value,
QCL,Crops and livestock products,356,India,5312,Area harvested,113.0,Rice,2015,2015,ha,43938012.0,A,Official value,
QCL,Crops and livestock products,356,India,5412,Yield,113.0,Rice,2015,2015,kg/ha,3601.8,A,Official value,
QCL,Crops and livestock products,356,India,5510,Production,113.0,Rice,2015,2015,t,158254967.78,A,Official value,
QCL,Crops and livestock products,356,India,5312,Area harvested,113.0,Rice,2016,2016,ha,43688499.0,A,Official value,
QCL,Crops and livestock products,356,India,5412,Yield,113.0,Rice,2016,2016,kg/ha,3752.6,A,Official value,
QCL,Crops and livestock products,356,India,5510,Production,113.0,Rice,2016,2016,t,163947351.09,A,Official value,
QCL,Crops and livestock products,356,India,5312,Area harvested,113.0,Rice,2017,2017,ha,43496848.0,A,Official value,
QCL,Crops and livestock products,356,India,5412,Yield,113.0,Rice,2017,2017,kg/ha,3811.7,A,Official value,
QCL,Crops and livestock products,356,India,5510,Production,113.0,Rice,2017,2017,t,165796205.79,A,Official value,
QCL,Crops and livestock products,356,India,5312,Area harvested,113.0,Rice,2018,2018,ha,44389153.0,A,Official value,
QCL,Crops and livestock products,356,India,5412,Yield,113.0,Rice,2018,2018,kg/ha,3976.1,A,Official value,
QCL,Crops and livestock products,356,India,5510,Production,113.0,Rice,2018,2018,t,176493653.91,A,Official value,
QCL,Crops and livestock products,356,India,5312,Area harvested,113.0,Rice,2019,2019,ha,43205052.0,A,Official value,
QCL,Crops and livestock products,356,India,5412,Yield,113.0,Rice,2019,2019,kg/ha,4052.1,A,Official value,
QCL,Crops and livestock products,356,India,5510,Production,113.0,Rice,2019,2019,t,175071504.27,A,Official value,
QCL,Crops and livestock products,356,India,5312,Area harvested,113.0,Rice,2020,2020,ha,45007310.0,A,Official value,
QCL,Crops and livestock products,356,India,5412,Yield,113.0,Rice,2020,2020,kg/ha,4059.4,A,Official value,
QCL,Crops and livestock products,356,India,5510,Production,113.0,Rice,2020,2020,t,182702924.12,A,Official value,
QCL,Crops and livestock products,356,India,5312,Area harvested,113.0,Rice,2021,2021,ha,46449121.0,A,Official value,
QCL,Crops and livestock products,356,India,5412,Yield,113.0,Rice,2021,2021,kg/ha,4203.3,A,Official value,
QCL,Crops and livestock products,356,India,5510,Production,113.0,Rice,2021,2021,t,195241449.38,A,Official value,
QCL,Crops and livestock products,356,India,5312,Area harvested,113.0,Rice,2022,2022,ha,45643151.0,A,Official value,
QCL,Crops and livestock products,356,India,5412,Yield,113.0,Rice,2022,2022,kg/ha,4238.8,A,Official value,
QCL,Crops and livestock products,356,India,5510,Production,113.0,Rice,2022,2022,t,193473289.35,A,Official value,
QCL,Crops and livestock products,356,India,5312,Area harvested,113.0,Rice,2023,2023,ha,48163285.0,A,Official value,
QCL,Crops and livestock products,356,India,5412,Yield,113.0,Rice,2023,2023,kg/ha,4313.5,A,Official value,
QCL,Crops and livestock products,356,India,5510,Production,113.0,Rice,2023,2023,t,207753551.26,A,Official value,
QCL,Crops and livestock products,356,India,5312,Area harvested,113.0,Rice,2024,2024,ha,50511930.0,A,Official value,
QCL,Crops and livestock products,356,India,5412,Yield,113.0,Rice,2024,2024,kg/ha,4313.2,A,Official value,
QCL,Crops and livestock products,356,India,5510,Production,113.0,Rice,2024,2024,t,217867864.16,A,Official value,
QCL,Crops and livestock products,356,India,5312,Area harvested,1802.0,Sugar cane,2015,2015,ha,5070000.0,A,Official value,
QCL,Crops and livestock products,356,India,5412,Yield,1802.0,Sugar cane,2015,2015,kg/ha,71466.1,A,Official value,
QCL,Crops and livestock products,356,India,5510,Production,1802.0,Sugar cane,2015,2015,t,362333000.0,A,Official value,
QCL,Crops and livestock products,356,India,5312,Area harvested,1802.0,Sugar cane,2016,2016,ha,4950000.0,A,Official value,
QCL,Crops and livestock products,356,India,5412,Yield,1802.0,Sugar cane,2016,2016,kg/ha,70393.5,A,Official value,
QCL,Crops and livestock products,356,India,5510,Production,1802.0,Sugar cane,2016,2016,t,348448000.0,A,Official value,
QCL,Crops and livestock products,356,India,5312,Area harvested,1802.0,Sugar cane,2017,2017,ha,4435690.0,A,Official value,
QCL,Crops and livestock products,356,India,5412,Yield,1802.0,Sugar cane,2017,2017,kg/ha,69001.4,A,Official value,
QCL,Crops and livestock products,356,India,5510,Production,1802.0,Sugar cane,2017,2017,t,306069000.0,A,Official value,
QCL,Crops and livestock products,356,India,5312,Area harvested,1802.0,Sugar cane,2018,2018,ha,4737060.0,A,Official value,
QCL,Crops and livestock products,356,India,5412,Yield,1802.0,Sugar cane,2018,2018,kg/ha,80198.4,A,Official value,
QCL,Crops and livestock products,356,India,5510,Production,1802.0,Sugar cane,2018,2018,t,379904850.0,A,Official value,
QCL,Crops and livestock products,356,India,5312,Area harvested,1802.0,Sugar cane,2019,2019,ha,5061090.0,A,Official value,
QCL,Crops and livestock products,356,India,5412,Yield,1802.0,Sugar cane,2019,2019,kg/ha,80104.5,A,Official value,
QCL,Crops and livestock products,356,India,5510,Production,1802.0,Sugar cane,2019,2019,t,405416180.0,A,Official value,
QCL,Crops and livestock products,356,India,5312,Area harvested,1802.0,Sugar cane,2020,2020,ha,4602680.0,A,Official value,
QCL,Crops and livestock products,356,India,5412,Yield,1802.0,Sugar cane,2020,2020,kg/ha,80496.6,A,Official value,
QCL,Crops and livestock products,356,India,5510,Production,1802.0,Sugar cane,2020,2020,t,370500300.0,A,Official value,
QCL,Crops and livestock products,356,India,5312,Area harvested,1802.0,Sugar cane,2021,2021,ha,4851230.0,A,Official value,
QCL,Crops and livestock products,356,India,5412,Yield,1802.0,Sugar cane,2021,2021,kg/ha,83566.2,A,Official value,
QCL,Crops and livestock products,356,India,5510,Production,1802.0,Sugar cane,2021,2021,t,405398710.0,A,Official value,
QCL,Crops and livestock products,356,India,5312,Area harvested,1802.0,Sugar cane,2022,2022,ha,5175410.0,A,Official value,
QCL,Crops and livestock products,356,India,5412,Yield,1802.0,Sugar cane,2022,2022,kg/ha,84906.3,A,Official value,
QCL,Crops and livestock products,356,India,5510,Production,1802.0,Sugar cane,2022,2022,t,439424890.0,A,Official value,
QCL,Crops and livestock products,356,India,5312,Area harvested,1802.0,Sugar cane,2023,2023,ha,5885317.0,A,Official value,
QCL,Crops and livestock products,356,India,5412,Yield,1802.0,Sugar cane,2023,2023,kg/ha,83348.7,A,Official value,
QCL,Crops and livestock products,356,India,5510,Production,1802.0,Sugar cane,2023,2023,t,490533351.06,A,Official value,
QCL,Crops and livestock products,356,India,5312,Area harvested,1802.0,Sugar cane,2024,2024,ha,5739595.0,A,Official value,
QCL,Crops and livestock products,356,India,5412,Yield,1802.0,Sugar cane,2024,2024,kg/ha,78953.0,A,Official value,
QCL,Crops and livestock products,356,India,5510,Production,1802.0,Sugar cane,2024,2024,t,453158493.75,A,Official value,
QCL,Crops and livestock products,356,India,5312,Area harvested,111.0,Wheat,2015,2015,ha,31470000.0,A,Official value,
QCL,Crops and livestock products,356,India,5412,Yield,111.0,Wheat,2015,2015,kg/ha,2749.6,A,Official value,
QCL,Crops and livestock products,356,India,5510,Production,111.0,Wheat,2015,2015,t,86530000.0,A,Official value,
QCL,Crops and livestock products,356,India,5312,Area harvested,111.0,Wheat,2016,2016,ha,30420000.0,A,Official value,
QCL,Crops and livestock products,356,India,5412,Yield,111.0,Wheat,2016,2016,kg/ha,3033.9,A,Official value,
QCL,Crops and livestock products,356,India,5510,Production,111.0,Wheat,2016,2016,t,92290000.0,A,Official value,
QCL,Crops and livestock products,356,India,5312,Area harvested,111.0,Wheat,2017,2017,ha,30785230.0,A,Official value,
QCL,Crops and livestock products,356,India,5412,Yield,111.0,Wheat,2017,2017,kg/ha,3199.9,A,Official value,
QCL,Crops and livestock products,356,India,5510,Production,111.0,Wheat,2017,2017,t,98510220.0,A,Official value,
QCL,Crops and livestock products,356,India,5312,Area harvested,111.0,Wheat,2018,2018,ha,29650590.0,A,Official value,
QCL,Crops and livestock products,356,India,5412,Yield,111.0,Wheat,2018,2018,kg/ha,3368.2,A,Official value,
QCL,Crops and livestock products,356,India,5510,Production,111.0,Wheat,2018,2018,t,99869520.0,A,Official value,
QCL,Crops and livestock products,356,India,5312,Area harvested,111.0,Wheat,2019,2019,ha,29318780.0,A,Official value,
QCL,Crops and livestock products,356,India,5412,Yield,111.0,Wheat,2019,2019,kg/ha,3533.4,A,Official value,
QCL,Crops and livestock products,356,India,5510,Production,111.0,Wheat,2019,2019,t,103596230.0,A,Official value,
QCL,Crops and livestock products,356,India,5312,Area harvested,111.0,Wheat,2020,2020,ha,31357020.0,A,Official value,
QCL,Crops and livestock products,356,India,5412,Yield,111.0,Wheat,2020,2020,kg/ha,3439.8,A,Official value,
QCL,Crops and livestock products,356,India,5510,Production,111.0,Wheat,2020,2020,t,107860510.0,A,Official value,
QCL,Crops and livestock products,356,India,5312,Area harvested,111.0,Wheat,2021,2021,ha,31125160.0,A,Official value,
QCL,Crops and livestock products,356,India,5412,Yield,111.0,Wheat,2021,2021,kg/ha,3520.8,A,Official value,
QCL,Crops and livestock products,356,India,5510,Production,111.0,Wheat,2021,2021,t,109586500.0,A,Official value,
QCL,Crops and livestock products,356,India,5312,Area harvested,111.0,Wheat,2022,2022,ha,30458530.0,A,Official value,
QCL,Crops and livestock products,356,India,5412,Yield,111.0,Wheat,2022,2022,kg/ha,3537.3,A,Official value,
QCL,Crops and livestock products,356,India,5510,Production,111.0,Wheat,2022,2022,t,107742070.0,A,Official value,
QCL,Crops and livestock products,356,India,5312,Area harvested,111.0,Wheat,2023,2023,ha,31400716.0,A,Official value,
QCL,Crops and livestock products,356,India,5412,Yield,111.0,Wheat,2023,2023,kg/ha,3520.7,A,Official value,
QCL,Crops and livestock products,356,India,5510,Production,111.0,Wheat,2023,2023,t,110553675.31,A,Official value,
QCL,Crops and livestock products,356,India,5312,Area harvested,111.0,Wheat,2024,2024,ha,31832884.0,A,Official value,
QCL,Crops and livestock products,356,India,5412,Yield,111.0,Wheat,2024,2024,kg/ha,3559.0,A,Official value,
QCL,Crops and livestock products,356,India,5510,Production,111.0,Wheat,2024,2024,t,113292368.0,A,Official value,
